Model,Data,MSE,R2
Linear Regression,Synthetic Data,0.009511914910417139,0.9999994362016347
Decision Tree,Synthetic Data,6350.427786748267,0.6235920065402036
Random Forest,Synthetic Data,2621.419239142369,0.8446209942137243
Support Vector Regression,Synthetic Data,12758.146129860857,0.24378823816737083
K-Nearest Neighbors,Synthetic Data,3728.3442939729885,0.77901038453659
